-- Serviceable Locations
INSERT INTO serviceable_locations (id, pincode, city, state) VALUES (gen_random_uuid(), '500001', 'Hyderabad', 'Telangana') ON CONFLICT DO NOTHING;
INSERT INTO serviceable_locations (id, pincode, city, state) VALUES (gen_random_uuid(), '560001', 'Bengaluru', 'Karnataka') ON CONFLICT DO NOTHING;
INSERT INTO serviceable_locations (id, pincode, city, state) VALUES (gen_random_uuid(), '400001', 'Mumbai', 'Maharashtra') ON CONFLICT DO NOTHING;

-- Recharge Packages
INSERT INTO recharge_packages (id, name, price_in_inr, base_credits, bonus_credits, popular, active)
VALUES (gen_random_uuid(), 'Starter Pack', 1000, 100, 10, false, true)
ON CONFLICT DO NOTHING;

INSERT INTO recharge_packages (id, name, price_in_inr, base_credits, bonus_credits, popular, active)
VALUES (gen_random_uuid(), 'Pro Dealer Pack', 5000, 500, 100, true, true)
ON CONFLICT DO NOTHING;

-- Dummy Dealers
INSERT INTO dealers (id, business_name, owner_name, is_verified, email, phone_number, street, city, state, zip_code, country, opening_time, closing_time)
VALUES ('d1000000-0000-0000-0000-000000000001', 'Best Tyres Hyderabad', 'Ramesh Kumar', true, 'ramesh@besttyres.com', '9876543210', 'Road No 1, Banjara Hills', 'Hyderabad', 'Telangana', '500034', 'India', '09:00:00', '20:00:00')
ON CONFLICT (phone_number) DO NOTHING;

INSERT INTO dealers (id, business_name, owner_name, is_verified, email, phone_number, street, city, state, zip_code, country, opening_time, closing_time)
VALUES ('d1000000-0000-0000-0000-000000000002', 'Speedy Wheels Bangalore', 'Suresh Reddy', false, 'suresh@speedy.com', '9876543211', 'Indiranagar 100ft Road', 'Bengaluru', 'Karnataka', '560038', 'India', '10:00:00', '21:00:00')
ON CONFLICT (phone_number) DO NOTHING;

-- Open Days for Dummy Dealers (Mon–Sat)
INSERT INTO dealer_open_days (dealer_id, open_day) VALUES ('d1000000-0000-0000-0000-000000000001', 'MONDAY') ON CONFLICT DO NOTHING;
INSERT INTO dealer_open_days (dealer_id, open_day) VALUES ('d1000000-0000-0000-0000-000000000001', 'TUESDAY') ON CONFLICT DO NOTHING;
INSERT INTO dealer_open_days (dealer_id, open_day) VALUES ('d1000000-0000-0000-0000-000000000001', 'WEDNESDAY') ON CONFLICT DO NOTHING;
INSERT INTO dealer_open_days (dealer_id, open_day) VALUES ('d1000000-0000-0000-0000-000000000001', 'THURSDAY') ON CONFLICT DO NOTHING;
INSERT INTO dealer_open_days (dealer_id, open_day) VALUES ('d1000000-0000-0000-0000-000000000001', 'FRIDAY') ON CONFLICT DO NOTHING;
INSERT INTO dealer_open_days (dealer_id, open_day) VALUES ('d1000000-0000-0000-0000-000000000001', 'SATURDAY') ON CONFLICT DO NOTHING;

INSERT INTO dealer_open_days (dealer_id, open_day) VALUES ('d1000000-0000-0000-0000-000000000002', 'MONDAY') ON CONFLICT DO NOTHING;
INSERT INTO dealer_open_days (dealer_id, open_day) VALUES ('d1000000-0000-0000-0000-000000000002', 'TUESDAY') ON CONFLICT DO NOTHING;
INSERT INTO dealer_open_days (dealer_id, open_day) VALUES ('d1000000-0000-0000-0000-000000000002', 'WEDNESDAY') ON CONFLICT DO NOTHING;
INSERT INTO dealer_open_days (dealer_id, open_day) VALUES ('d1000000-0000-0000-0000-000000000002', 'THURSDAY') ON CONFLICT DO NOTHING;
INSERT INTO dealer_open_days (dealer_id, open_day) VALUES ('d1000000-0000-0000-0000-000000000002', 'FRIDAY') ON CONFLICT DO NOTHING;
INSERT INTO dealer_open_days (dealer_id, open_day) VALUES ('d1000000-0000-0000-0000-000000000002', 'SATURDAY') ON CONFLICT DO NOTHING;

-- Wallets for Dummy Dealers
INSERT INTO wallets (id, dealer_id, purchased_credits, bonus_credits)
VALUES (gen_random_uuid(), 'd1000000-0000-0000-0000-000000000001', 500, 50)
ON CONFLICT (dealer_id) DO NOTHING;

INSERT INTO wallets (id, dealer_id, purchased_credits, bonus_credits)
VALUES (gen_random_uuid(), 'd1000000-0000-0000-0000-000000000002', 0, 0)
ON CONFLICT (dealer_id) DO NOTHING;

-- Dummy Leads (matching current leads table schema)
INSERT INTO leads (id, customer_mobile, vehicle_type, tyre_type, tyre_brand, vehicle_model, location_area, location_pincode, status)
VALUES (gen_random_uuid(), '9988776655', 'FOUR_WHEELER', 'TUBELESS', 'MRF', 'Swift Dzire', 'Banjara Hills', '500034', 'NEW')
ON CONFLICT DO NOTHING;

INSERT INTO leads (id, customer_mobile, vehicle_type, tyre_type, tyre_brand, vehicle_model, location_area, location_pincode, status)
VALUES (gen_random_uuid(), '9988776644', 'TWO_WHEELER', 'TUBE', 'CEAT', 'Honda Activa', 'Koramangala', '560034', 'NEW')
ON CONFLICT DO NOTHING;

INSERT INTO leads (id, customer_mobile, vehicle_type, tyre_type, tyre_brand, vehicle_model, location_area, location_pincode, status, selected_dealer_id)
VALUES (gen_random_uuid(), '9988776633', 'FOUR_WHEELER', 'TUBELESS', 'Apollo', 'Hyundai Creta', 'Indiranagar', '560038', 'DEALER_SELECTED', 'd1000000-0000-0000-0000-000000000001')
ON CONFLICT DO NOTHING;

-- Tyres Inventory — full dataset for all 13 vehicle tyre sizes
-- SIZE: 165/80 R14
INSERT INTO tyres (id, brand, pattern, size, price, product_code, features, image_url, warranty_years, new_price, used_price, original_price, rating, review_count, type, in_stock, free_installation) VALUES (gen_random_uuid(), 'MRF', 'ZVTV', '165/80 R14', 3299, 'MRF-ZVTV-16580R14-N', 'All Season, Tubeless, Warranty 5 Years', 'https://m.media-amazon.com/images/I/61yHjJEJhiL._AC_UF1000,1000_QL80_.jpg', 5, 3299, 1900, 3899, 4.5, 210, 'new', true, true) ON CONFLICT (product_code) DO NOTHING;
INSERT INTO tyres (id, brand, pattern, size, price, product_code, features, image_url, warranty_years, new_price, used_price, original_price, rating, review_count, type, in_stock, free_installation) VALUES (gen_random_uuid(), 'Apollo', 'Amazer 4G Life', '165/80 R14', 2999, 'APO-AMA4G-16580R14-N', 'Long Life, Fuel Efficient, Warranty 4 Years', 'https://m.media-amazon.com/images/I/61r-vj+jZPL._AC_UF1000,1000_QL80_.jpg', 4, 2999, 1700, 3599, 4.3, 175, 'new', true, true) ON CONFLICT (product_code) DO NOTHING;
INSERT INTO tyres (id, brand, pattern, size, price, product_code, features, image_url, warranty_years, new_price, used_price, original_price, rating, review_count, type, in_stock, free_installation) VALUES (gen_random_uuid(), 'CEAT', 'SecuraDrive', '165/80 R14', 2799, 'CEAT-SEC-16580R14-N', 'Wet Grip, Silent, Warranty 4 Years', 'https://m.media-amazon.com/images/I/51-u7w-DqCL._AC_UF1000,1000_QL80_.jpg', 4, 2799, 1600, 3299, 4.2, 143, 'new', true, true) ON CONFLICT (product_code) DO NOTHING;
INSERT INTO tyres (id, brand, pattern, size, price, product_code, features, image_url, warranty_years, new_price, used_price, rating, review_count, type, in_stock, condition, tread_depth, free_installation) VALUES (gen_random_uuid(), 'MRF', 'ZLX', '165/80 R14', 1499, 'MRF-ZLX-16580R14-U', '75% Tread Left, No Repairs, 30 Day Warranty', 'https://m.media-amazon.com/images/I/61yHjJEJhiL._AC_UF1000,1000_QL80_.jpg', 0, 3100, 1499, 4.0, 78, 'used', true, 'Good', 6, true) ON CONFLICT (product_code) DO NOTHING;
INSERT INTO tyres (id, brand, pattern, size, price, product_code, features, image_url, warranty_years, new_price, used_price, original_price, rating, review_count, type, in_stock, free_installation) VALUES (gen_random_uuid(), 'JK Tyre', 'UX Royale', '165/80 R14', 2699, 'JK-UXROY-16580R14-N', 'Made in India, Value for Money, Warranty 4 Years', 'https://m.media-amazon.com/images/I/61mOz3SNBKL._AC_UF1000,1000_QL80_.jpg', 4, 2699, 1500, 3199, 4.1, 112, 'new', true, true) ON CONFLICT (product_code) DO NOTHING;

-- SIZE: 185/65 R15
INSERT INTO tyres (id, brand, pattern, size, price, product_code, features, image_url, warranty_years, new_price, used_price, original_price, rating, review_count, type, in_stock, free_installation) VALUES (gen_random_uuid(), 'MRF', 'ZVTV', '185/65 R15', 4599, 'MRF-ZVTV-18565R15-N', 'All Season, Tubeless, Warranty 5 Years', 'https://m.media-amazon.com/images/I/61yHjJEJhiL._AC_UF1000,1000_QL80_.jpg', 5, 4599, 2800, 5499, 4.5, 234, 'new', true, true) ON CONFLICT (product_code) DO NOTHING;
INSERT INTO tyres (id, brand, pattern, size, price, product_code, features, image_url, warranty_years, new_price, used_price, original_price, rating, review_count, type, in_stock, free_installation) VALUES (gen_random_uuid(), 'Apollo', 'Amazer 4G Life', '185/65 R15', 4299, 'APO-AMA4G-18565R15-N', 'Long Life, Fuel Efficient, Warranty 4 Years', 'https://m.media-amazon.com/images/I/61r-vj+jZPL._AC_UF1000,1000_QL80_.jpg', 4, 4299, 2400, 4999, 4.3, 187, 'new', true, true) ON CONFLICT (product_code) DO NOTHING;
INSERT INTO tyres (id, brand, pattern, size, price, product_code, features, image_url, warranty_years, new_price, used_price, original_price, rating, review_count, type, in_stock, free_installation) VALUES (gen_random_uuid(), 'CEAT', 'SecuraDrive', '185/65 R15', 3999, 'CEAT-SEC-18565R15-N', 'Wet Grip, Silent, Warranty 4 Years', 'https://m.media-amazon.com/images/I/51-u7w-DqCL._AC_UF1000,1000_QL80_.jpg', 4, 3999, 2200, 4799, 4.2, 156, 'new', true, true) ON CONFLICT (product_code) DO NOTHING;
INSERT INTO tyres (id, brand, pattern, size, price, product_code, features, image_url, warranty_years, new_price, used_price, original_price, rating, review_count, type, in_stock, free_installation) VALUES (gen_random_uuid(), 'Bridgestone', 'Ecopia EP150', '185/65 R15', 5299, 'BRIDGE-EP150-18565R15-N', 'Eco Friendly, Low Rolling Resistance, Warranty 6 Years', 'https://m.media-amazon.com/images/I/61W+oqhB2BL._AC_UF1000,1000_QL80_.jpg', 6, 5299, 3200, 6299, 4.7, 312, 'new', true, true) ON CONFLICT (product_code) DO NOTHING;
INSERT INTO tyres (id, brand, pattern, size, price, product_code, features, image_url, warranty_years, new_price, used_price, original_price, rating, review_count, type, in_stock, free_installation) VALUES (gen_random_uuid(), 'Yokohama', 'Earth-1', '185/65 R15', 4899, 'YOKO-EARTH-18565R15-N', 'Japanese Quality, Superior Grip, Warranty 5 Years', 'https://m.media-amazon.com/images/I/61TbFhJnpNL._AC_UF1000,1000_QL80_.jpg', 5, 4899, 2900, 5799, 4.4, 145, 'new', true, true) ON CONFLICT (product_code) DO NOTHING;
INSERT INTO tyres (id, brand, pattern, size, price, product_code, features, image_url, warranty_years, new_price, used_price, original_price, rating, review_count, type, in_stock, free_installation) VALUES (gen_random_uuid(), 'Goodyear', 'Assurance', '185/65 R15', 4499, 'GOOD-ASSUR-18565R15-N', 'Premium Quality, All Weather, Warranty 5 Years', 'https://m.media-amazon.com/images/I/61UXMhvlAQL._AC_UF1000,1000_QL80_.jpg', 5, 4499, 2700, 5299, 4.6, 278, 'new', true, true) ON CONFLICT (product_code) DO NOTHING;
INSERT INTO tyres (id, brand, pattern, size, price, product_code, features, image_url, warranty_years, new_price, used_price, rating, review_count, type, in_stock, condition, tread_depth, free_installation) VALUES (gen_random_uuid(), 'MRF', 'ZLX', '185/65 R15', 1899, 'MRF-ZLX-18565R15-U', '70% Tread Left, No Repairs, 30 Day Warranty', 'https://m.media-amazon.com/images/I/61yHjJEJhiL._AC_UF1000,1000_QL80_.jpg', 0, 4200, 1899, 4.0, 89, 'used', true, 'Good', 6, true) ON CONFLICT (product_code) DO NOTHING;
INSERT INTO tyres (id, brand, pattern, size, price, product_code, features, image_url, warranty_years, new_price, used_price, rating, review_count, type, in_stock, condition, tread_depth, free_installation) VALUES (gen_random_uuid(), 'Apollo', 'Alnac 4G', '185/65 R15', 1599, 'APO-ALNAC-18565R15-U', '80% Tread Left, No Punctures, 30 Day Warranty', 'https://m.media-amazon.com/images/I/61r-vj+jZPL._AC_UF1000,1000_QL80_.jpg', 0, 3800, 1599, 3.8, 67, 'used', true, 'Very Good', 7, true) ON CONFLICT (product_code) DO NOTHING;
INSERT INTO tyres (id, brand, pattern, size, price, product_code, features, image_url, warranty_years, new_price, used_price, rating, review_count, type, in_stock, condition, tread_depth, free_installation) VALUES (gen_random_uuid(), 'CEAT', 'Milaze', '185/65 R15', 1299, 'CEAT-MIL-18565R15-U', '60% Tread Left, Minor Wear, 15 Day Warranty', 'https://m.media-amazon.com/images/I/51-u7w-DqCL._AC_UF1000,1000_QL80_.jpg', 0, 3500, 1299, 3.5, 45, 'used', true, 'Good', 5, true) ON CONFLICT (product_code) DO NOTHING;
INSERT INTO tyres (id, brand, pattern, size, price, product_code, features, image_url, warranty_years, new_price, used_price, original_price, rating, review_count, type, in_stock, free_installation) VALUES (gen_random_uuid(), 'JK Tyre', 'UX Royale', '185/65 R15', 3799, 'JK-UXROY-18565R15-N', 'Made in India, Value for Money, Warranty 4 Years', 'https://m.media-amazon.com/images/I/61mOz3SNBKL._AC_UF1000,1000_QL80_.jpg', 4, 3799, 2100, 4499, 4.1, 123, 'new', true, true) ON CONFLICT (product_code) DO NOTHING;

-- SIZE: 195/55 R16
INSERT INTO tyres (id, brand, pattern, size, price, product_code, features, image_url, warranty_years, new_price, used_price, original_price, rating, review_count, type, in_stock, free_installation) VALUES (gen_random_uuid(), 'MRF', 'ZVTV', '195/55 R16', 5199, 'MRF-ZVTV-19555R16-N', 'All Season, Tubeless, Warranty 5 Years', 'https://m.media-amazon.com/images/I/61yHjJEJhiL._AC_UF1000,1000_QL80_.jpg', 5, 5199, 3100, 6099, 4.5, 198, 'new', true, true) ON CONFLICT (product_code) DO NOTHING;
INSERT INTO tyres (id, brand, pattern, size, price, product_code, features, image_url, warranty_years, new_price, used_price, original_price, rating, review_count, type, in_stock, free_installation) VALUES (gen_random_uuid(), 'Apollo', 'Amazer 4G Life', '195/55 R16', 4899, 'APO-AMA4G-19555R16-N', 'Long Life, Fuel Efficient, Warranty 4 Years', 'https://m.media-amazon.com/images/I/61r-vj+jZPL._AC_UF1000,1000_QL80_.jpg', 4, 4899, 2900, 5699, 4.3, 162, 'new', true, true) ON CONFLICT (product_code) DO NOTHING;
INSERT INTO tyres (id, brand, pattern, size, price, product_code, features, image_url, warranty_years, new_price, used_price, original_price, rating, review_count, type, in_stock, free_installation) VALUES (gen_random_uuid(), 'Bridgestone', 'Turanza T005', '195/55 R16', 6299, 'BRIDGE-T005-19555R16-N', 'Superior Wet Handling, Low Noise, Warranty 5 Years', 'https://m.media-amazon.com/images/I/61W+oqhB2BL._AC_UF1000,1000_QL80_.jpg', 5, 6299, 3800, 7299, 4.7, 289, 'new', true, true) ON CONFLICT (product_code) DO NOTHING;
INSERT INTO tyres (id, brand, pattern, size, price, product_code, features, image_url, warranty_years, new_price, used_price, original_price, rating, review_count, type, in_stock, free_installation) VALUES (gen_random_uuid(), 'Goodyear', 'EfficientGrip', '195/55 R16', 5799, 'GOOD-EFF-19555R16-N', 'Fuel Saving, Wet Traction, Warranty 5 Years', 'https://m.media-amazon.com/images/I/61UXMhvlAQL._AC_UF1000,1000_QL80_.jpg', 5, 5799, 3400, 6699, 4.6, 241, 'new', true, true) ON CONFLICT (product_code) DO NOTHING;
INSERT INTO tyres (id, brand, pattern, size, price, product_code, features, image_url, warranty_years, new_price, used_price, rating, review_count, type, in_stock, condition, tread_depth, free_installation) VALUES (gen_random_uuid(), 'Yokohama', 'Earth-1', '195/55 R16', 2499, 'YOKO-EARTH-19555R16-U', '75% Tread Left, Excellent Condition, 30 Day Warranty', 'https://m.media-amazon.com/images/I/61TbFhJnpNL._AC_UF1000,1000_QL80_.jpg', 0, 5499, 2499, 4.2, 87, 'used', true, 'Very Good', 7, true) ON CONFLICT (product_code) DO NOTHING;
INSERT INTO tyres (id, brand, pattern, size, price, product_code, features, image_url, warranty_years, new_price, used_price, rating, review_count, type, in_stock, condition, tread_depth, free_installation) VALUES (gen_random_uuid(), 'MRF', 'ZVTV', '195/55 R16', 2199, 'MRF-ZVTV-19555R16-U', '65% Tread Left, No Repairs, 30 Day Warranty', 'https://m.media-amazon.com/images/I/61yHjJEJhiL._AC_UF1000,1000_QL80_.jpg', 0, 5199, 2199, 3.9, 54, 'used', true, 'Good', 6, true) ON CONFLICT (product_code) DO NOTHING;

-- SIZE: 205/65 R16
INSERT INTO tyres (id, brand, pattern, size, price, product_code, features, image_url, warranty_years, new_price, used_price, original_price, rating, review_count, type, in_stock, free_installation) VALUES (gen_random_uuid(), 'MRF', 'ZVTV', '205/65 R16', 5699, 'MRF-ZVTV-20565R16-N', 'All Season, Tubeless, Warranty 5 Years', 'https://m.media-amazon.com/images/I/61yHjJEJhiL._AC_UF1000,1000_QL80_.jpg', 5, 5699, 3400, 6699, 4.5, 221, 'new', true, true) ON CONFLICT (product_code) DO NOTHING;
INSERT INTO tyres (id, brand, pattern, size, price, product_code, features, image_url, warranty_years, new_price, used_price, original_price, rating, review_count, type, in_stock, free_installation) VALUES (gen_random_uuid(), 'Apollo', 'Apterra HP2', '205/65 R16', 5499, 'APO-APTERRA-20565R16-N', 'SUV Performance, High Mileage, Warranty 4 Years', 'https://m.media-amazon.com/images/I/61r-vj+jZPL._AC_UF1000,1000_QL80_.jpg', 4, 5499, 3200, 6399, 4.4, 193, 'new', true, true) ON CONFLICT (product_code) DO NOTHING;
INSERT INTO tyres (id, brand, pattern, size, price, product_code, features, image_url, warranty_years, new_price, used_price, original_price, rating, review_count, type, in_stock, free_installation) VALUES (gen_random_uuid(), 'Bridgestone', 'Dueler H/T', '205/65 R16', 7199, 'BRIDGE-DHT-20565R16-N', 'SUV Touring, Comfortable Ride, Warranty 6 Years', 'https://m.media-amazon.com/images/I/61W+oqhB2BL._AC_UF1000,1000_QL80_.jpg', 6, 7199, 4300, 8499, 4.7, 334, 'new', true, true) ON CONFLICT (product_code) DO NOTHING;
INSERT INTO tyres (id, brand, pattern, size, price, product_code, features, image_url, warranty_years, new_price, used_price, original_price, rating, review_count, type, in_stock, free_installation) VALUES (gen_random_uuid(), 'Michelin', 'Primacy 4', '205/65 R16', 7899, 'MICH-PRI4-20565R16-N', 'Long Life, Safe Wet Braking, Warranty 5 Years', 'https://m.media-amazon.com/images/I/71hejHRtfXL._AC_UF1000,1000_QL80_.jpg', 5, 7899, 4700, 9199, 4.8, 401, 'new', true, true) ON CONFLICT (product_code) DO NOTHING;
INSERT INTO tyres (id, brand, pattern, size, price, product_code, features, image_url, warranty_years, new_price, used_price, original_price, rating, review_count, type, in_stock, free_installation) VALUES (gen_random_uuid(), 'CEAT', 'CrossDrive', '205/65 R16', 5199, 'CEAT-CROSS-20565R16-N', 'Off-Road Ready, Durable, Warranty 4 Years', 'https://m.media-amazon.com/images/I/51-u7w-DqCL._AC_UF1000,1000_QL80_.jpg', 4, 5199, 3000, 6099, 4.2, 167, 'new', true, true) ON CONFLICT (product_code) DO NOTHING;
INSERT INTO tyres (id, brand, pattern, size, price, product_code, features, image_url, warranty_years, new_price, used_price, rating, review_count, type, in_stock, condition, tread_depth, free_installation) VALUES (gen_random_uuid(), 'Apollo', 'Apterra HP2', '205/65 R16', 2599, 'APO-APTERRA-20565R16-U', '70% Tread Left, SUV Grade, 30 Day Warranty', 'https://m.media-amazon.com/images/I/61r-vj+jZPL._AC_UF1000,1000_QL80_.jpg', 0, 5499, 2599, 4.1, 72, 'used', true, 'Good', 6, true) ON CONFLICT (product_code) DO NOTHING;
INSERT INTO tyres (id, brand, pattern, size, price, product_code, features, image_url, warranty_years, new_price, used_price, rating, review_count, type, in_stock, condition, tread_depth, free_installation) VALUES (gen_random_uuid(), 'MRF', 'ZVTV', '205/65 R16', 2399, 'MRF-ZVTV-20565R16-U', '65% Tread Left, Balanced Wear, 30 Day Warranty', 'https://m.media-amazon.com/images/I/61yHjJEJhiL._AC_UF1000,1000_QL80_.jpg', 0, 5699, 2399, 3.8, 58, 'used', true, 'Good', 5, true) ON CONFLICT (product_code) DO NOTHING;

-- SIZE: 215/60 R16
INSERT INTO tyres (id, brand, pattern, size, price, product_code, features, image_url, warranty_years, new_price, used_price, original_price, rating, review_count, type, in_stock, free_installation) VALUES (gen_random_uuid(), 'MRF', 'ZVTV', '215/60 R16', 5999, 'MRF-ZVTV-21560R16-N', 'All Season, Tubeless, Warranty 5 Years', 'https://m.media-amazon.com/images/I/61yHjJEJhiL._AC_UF1000,1000_QL80_.jpg', 5, 5999, 3600, 7099, 4.5, 188, 'new', true, true) ON CONFLICT (product_code) DO NOTHING;
INSERT INTO tyres (id, brand, pattern, size, price, product_code, features, image_url, warranty_years, new_price, used_price, original_price, rating, review_count, type, in_stock, free_installation) VALUES (gen_random_uuid(), 'Bridgestone', 'Dueler H/T', '215/60 R16', 7499, 'BRIDGE-DHT-21560R16-N', 'SUV Comfort, Low Noise, Warranty 6 Years', 'https://m.media-amazon.com/images/I/61W+oqhB2BL._AC_UF1000,1000_QL80_.jpg', 6, 7499, 4500, 8799, 4.7, 276, 'new', true, true) ON CONFLICT (product_code) DO NOTHING;
INSERT INTO tyres (id, brand, pattern, size, price, product_code, features, image_url, warranty_years, new_price, used_price, original_price, rating, review_count, type, in_stock, free_installation) VALUES (gen_random_uuid(), 'Goodyear', 'Assurance TripleMax', '215/60 R16', 6499, 'GOOD-ATM-21560R16-N', 'Triple Max Safety, Wet Braking, Warranty 5 Years', 'https://m.media-amazon.com/images/I/61UXMhvlAQL._AC_UF1000,1000_QL80_.jpg', 5, 6499, 3900, 7599, 4.6, 231, 'new', true, true) ON CONFLICT (product_code) DO NOTHING;
INSERT INTO tyres (id, brand, pattern, size, price, product_code, features, image_url, warranty_years, new_price, used_price, original_price, rating, review_count, type, in_stock, free_installation) VALUES (gen_random_uuid(), 'Apollo', 'Apterra HP2', '215/60 R16', 5799, 'APO-APTERRA-21560R16-N', 'SUV Performance, High Mileage, Warranty 4 Years', 'https://m.media-amazon.com/images/I/61r-vj+jZPL._AC_UF1000,1000_QL80_.jpg', 4, 5799, 3500, 6799, 4.4, 154, 'new', true, true) ON CONFLICT (product_code) DO NOTHING;
INSERT INTO tyres (id, brand, pattern, size, price, product_code, features, image_url, warranty_years, new_price, used_price, rating, review_count, type, in_stock, condition, tread_depth, free_installation) VALUES (gen_random_uuid(), 'Bridgestone', 'Dueler H/T', '215/60 R16', 3299, 'BRIDGE-DHT-21560R16-U', '75% Tread Left, SUV Grade, 30 Day Warranty', 'https://m.media-amazon.com/images/I/61W+oqhB2BL._AC_UF1000,1000_QL80_.jpg', 0, 7499, 3299, 4.4, 91, 'used', true, 'Very Good', 7, true) ON CONFLICT (product_code) DO NOTHING;
INSERT INTO tyres (id, brand, pattern, size, price, product_code, features, image_url, warranty_years, new_price, used_price, rating, review_count, type, in_stock, condition, tread_depth, free_installation) VALUES (gen_random_uuid(), 'MRF', 'ZVTV', '215/60 R16', 2799, 'MRF-ZVTV-21560R16-U', '65% Tread Left, No Punctures, 30 Day Warranty', 'https://m.media-amazon.com/images/I/61yHjJEJhiL._AC_UF1000,1000_QL80_.jpg', 0, 5999, 2799, 3.9, 63, 'used', true, 'Good', 6, true) ON CONFLICT (product_code) DO NOTHING;

-- SIZE: 235/65 R17
INSERT INTO tyres (id, brand, pattern, size, price, product_code, features, image_url, warranty_years, new_price, used_price, original_price, rating, review_count, type, in_stock, free_installation) VALUES (gen_random_uuid(), 'Bridgestone', 'Dueler H/P Sport', '235/65 R17', 10499, 'BRIDGE-DHPS-23565R17-N', 'Sports SUV, High Performance, Warranty 5 Years', 'https://m.media-amazon.com/images/I/61W+oqhB2BL._AC_UF1000,1000_QL80_.jpg', 5, 10499, 6200, 12499, 4.8, 387, 'new', true, true) ON CONFLICT (product_code) DO NOTHING;
INSERT INTO tyres (id, brand, pattern, size, price, product_code, features, image_url, warranty_years, new_price, used_price, original_price, rating, review_count, type, in_stock, free_installation) VALUES (gen_random_uuid(), 'Michelin', 'Primacy SUV', '235/65 R17', 11999, 'MICH-PRISUV-23565R17-N', 'Premium SUV, Long Life, Warranty 5 Years', 'https://m.media-amazon.com/images/I/71hejHRtfXL._AC_UF1000,1000_QL80_.jpg', 5, 11999, 7100, 13999, 4.9, 462, 'new', true, true) ON CONFLICT (product_code) DO NOTHING;
INSERT INTO tyres (id, brand, pattern, size, price, product_code, features, image_url, warranty_years, new_price, used_price, original_price, rating, review_count, type, in_stock, free_installation) VALUES (gen_random_uuid(), 'Goodyear', 'Wrangler HP', '235/65 R17', 9799, 'GOOD-WHP-23565R17-N', 'All Terrain, Traction Control, Warranty 5 Years', 'https://m.media-amazon.com/images/I/61UXMhvlAQL._AC_UF1000,1000_QL80_.jpg', 5, 9799, 5800, 11499, 4.7, 318, 'new', true, true) ON CONFLICT (product_code) DO NOTHING;
INSERT INTO tyres (id, brand, pattern, size, price, product_code, features, image_url, warranty_years, new_price, used_price, original_price, rating, review_count, type, in_stock, free_installation) VALUES (gen_random_uuid(), 'MRF', 'WANDERER', '235/65 R17', 8999, 'MRF-WAND-23565R17-N', 'SUV Specialist, Durability, Warranty 5 Years', 'https://m.media-amazon.com/images/I/61yHjJEJhiL._AC_UF1000,1000_QL80_.jpg', 5, 8999, 5300, 10499, 4.5, 267, 'new', true, true) ON CONFLICT (product_code) DO NOTHING;
INSERT INTO tyres (id, brand, pattern, size, price, product_code, features, image_url, warranty_years, new_price, used_price, original_price, rating, review_count, type, in_stock, free_installation) VALUES (gen_random_uuid(), 'Apollo', 'Apterra AT2', '235/65 R17', 8499, 'APO-AT2-23565R17-N', 'All Terrain, Off-Road, Warranty 4 Years', 'https://m.media-amazon.com/images/I/61r-vj+jZPL._AC_UF1000,1000_QL80_.jpg', 4, 8499, 5000, 9999, 4.4, 211, 'new', true, true) ON CONFLICT (product_code) DO NOTHING;
INSERT INTO tyres (id, brand, pattern, size, price, product_code, features, image_url, warranty_years, new_price, used_price, rating, review_count, type, in_stock, condition, tread_depth, free_installation) VALUES (gen_random_uuid(), 'Bridgestone', 'Dueler H/P Sport', '235/65 R17', 4999, 'BRIDGE-DHPS-23565R17-U', '80% Tread Left, Like New Condition, 30 Day Warranty', 'https://m.media-amazon.com/images/I/61W+oqhB2BL._AC_UF1000,1000_QL80_.jpg', 0, 10499, 4999, 4.6, 124, 'used', true, 'Excellent', 8, true) ON CONFLICT (product_code) DO NOTHING;
INSERT INTO tyres (id, brand, pattern, size, price, product_code, features, image_url, warranty_years, new_price, used_price, rating, review_count, type, in_stock, condition, tread_depth, free_installation) VALUES (gen_random_uuid(), 'Michelin', 'Primacy SUV', '235/65 R17', 5799, 'MICH-PRISUV-23565R17-U', '75% Tread Left, Premium Condition, 30 Day Warranty', 'https://m.media-amazon.com/images/I/71hejHRtfXL._AC_UF1000,1000_QL80_.jpg', 0, 11999, 5799, 4.7, 98, 'used', true, 'Very Good', 7, true) ON CONFLICT (product_code) DO NOTHING;
INSERT INTO tyres (id, brand, pattern, size, price, product_code, features, image_url, warranty_years, new_price, used_price, rating, review_count, type, in_stock, condition, tread_depth, free_installation) VALUES (gen_random_uuid(), 'MRF', 'WANDERER', '235/65 R17', 3999, 'MRF-WAND-23565R17-U', '70% Tread Left, Good Condition, 30 Day Warranty', 'https://m.media-amazon.com/images/I/61yHjJEJhiL._AC_UF1000,1000_QL80_.jpg', 0, 8999, 3999, 4.2, 76, 'used', true, 'Good', 6, true) ON CONFLICT (product_code) DO NOTHING;

-- SIZE: 2.75-18
INSERT INTO tyres (id, brand, pattern, size, price, product_code, features, image_url, warranty_years, new_price, used_price, original_price, rating, review_count, type, in_stock, free_installation) VALUES (gen_random_uuid(), 'MRF', 'Zapper', '2.75-18', 899, 'MRF-ZAP-27518-N', 'Long Lasting, Good Grip, Tubetype', 'https://m.media-amazon.com/images/I/61yHjJEJhiL._AC_UF1000,1000_QL80_.jpg', 3, 899, 499, 1099, 4.3, 312, 'new', true, true) ON CONFLICT (product_code) DO NOTHING;
INSERT INTO tyres (id, brand, pattern, size, price, product_code, features, image_url, warranty_years, new_price, used_price, original_price, rating, review_count, type, in_stock, free_installation) VALUES (gen_random_uuid(), 'CEAT', 'Gripp', '2.75-18', 799, 'CEAT-GRP-27518-N', 'Excellent Grip, Budget Friendly, Warranty 2 Years', 'https://m.media-amazon.com/images/I/51-u7w-DqCL._AC_UF1000,1000_QL80_.jpg', 2, 799, 449, 999, 4.1, 287, 'new', true, true) ON CONFLICT (product_code) DO NOTHING;
INSERT INTO tyres (id, brand, pattern, size, price, product_code, features, image_url, warranty_years, new_price, used_price, original_price, rating, review_count, type, in_stock, free_installation) VALUES (gen_random_uuid(), 'Apollo', 'RoadRunner', '2.75-18', 849, 'APO-RR-27518-N', 'Commuter Tyres, Long Mileage, Warranty 3 Years', 'https://m.media-amazon.com/images/I/61r-vj+jZPL._AC_UF1000,1000_QL80_.jpg', 3, 849, 479, 1049, 4.2, 198, 'new', true, true) ON CONFLICT (product_code) DO NOTHING;
INSERT INTO tyres (id, brand, pattern, size, price, product_code, features, image_url, warranty_years, new_price, used_price, rating, review_count, type, in_stock, condition, tread_depth, free_installation) VALUES (gen_random_uuid(), 'MRF', 'Zapper', '2.75-18', 399, 'MRF-ZAP-27518-U', '70% Tread Left, Good Condition, 15 Day Warranty', 'https://m.media-amazon.com/images/I/61yHjJEJhiL._AC_UF1000,1000_QL80_.jpg', 0, 899, 399, 3.8, 89, 'used', true, 'Good', 6, true) ON CONFLICT (product_code) DO NOTHING;

-- SIZE: 4.00-8
INSERT INTO tyres (id, brand, pattern, size, price, product_code, features, image_url, warranty_years, new_price, used_price, original_price, rating, review_count, type, in_stock, free_installation) VALUES (gen_random_uuid(), 'MRF', 'Nylogrip', '4.00-8', 1299, 'MRF-NYL-4008-N', 'Heavy Load, Long Life, Tube Type', 'https://m.media-amazon.com/images/I/61yHjJEJhiL._AC_UF1000,1000_QL80_.jpg', 3, 1299, 749, 1599, 4.3, 245, 'new', true, true) ON CONFLICT (product_code) DO NOTHING;
INSERT INTO tyres (id, brand, pattern, size, price, product_code, features, image_url, warranty_years, new_price, used_price, original_price, rating, review_count, type, in_stock, free_installation) VALUES (gen_random_uuid(), 'CEAT', 'Rib Trak', '4.00-8', 1199, 'CEAT-RT-4008-N', '3-Wheeler Specialist, Durable, Warranty 2 Years', 'https://m.media-amazon.com/images/I/51-u7w-DqCL._AC_UF1000,1000_QL80_.jpg', 2, 1199, 699, 1499, 4.1, 198, 'new', true, true) ON CONFLICT (product_code) DO NOTHING;
INSERT INTO tyres (id, brand, pattern, size, price, product_code, features, image_url, warranty_years, new_price, used_price, original_price, rating, review_count, type, in_stock, free_installation) VALUES (gen_random_uuid(), 'JK Tyre', 'Taxi Max', '4.00-8', 1149, 'JK-TAX-4008-N', 'Load Bearing, Puncture Resistant, Warranty 2 Years', 'https://m.media-amazon.com/images/I/61mOz3SNBKL._AC_UF1000,1000_QL80_.jpg', 2, 1149, 649, 1399, 4.0, 167, 'new', true, true) ON CONFLICT (product_code) DO NOTHING;
INSERT INTO tyres (id, brand, pattern, size, price, product_code, features, image_url, warranty_years, new_price, used_price, rating, review_count, type, in_stock, condition, tread_depth, free_installation) VALUES (gen_random_uuid(), 'MRF', 'Nylogrip', '4.00-8', 599, 'MRF-NYL-4008-U', '65% Tread Left, Working Condition, 15 Day Warranty', 'https://m.media-amazon.com/images/I/61yHjJEJhiL._AC_UF1000,1000_QL80_.jpg', 0, 1299, 599, 3.7, 67, 'used', true, 'Good', 5, true) ON CONFLICT (product_code) DO NOTHING;

-- SIZE: 4.50-10
INSERT INTO tyres (id, brand, pattern, size, price, product_code, features, image_url, warranty_years, new_price, used_price, original_price, rating, review_count, type, in_stock, free_installation) VALUES (gen_random_uuid(), 'MRF', 'Nylogrip Plus', '4.50-10', 1499, 'MRF-NYLP-45010-N', 'Enhanced Load Capacity, Long Life, Tube Type', 'https://m.media-amazon.com/images/I/61yHjJEJhiL._AC_UF1000,1000_QL80_.jpg', 3, 1499, 849, 1799, 4.3, 189, 'new', true, true) ON CONFLICT (product_code) DO NOTHING;
INSERT INTO tyres (id, brand, pattern, size, price, product_code, features, image_url, warranty_years, new_price, used_price, original_price, rating, review_count, type, in_stock, free_installation) VALUES (gen_random_uuid(), 'CEAT', 'Rib Trak Plus', '4.50-10', 1399, 'CEAT-RTP-45010-N', '3-Wheeler Cargo, Heavy Duty, Warranty 2 Years', 'https://m.media-amazon.com/images/I/51-u7w-DqCL._AC_UF1000,1000_QL80_.jpg', 2, 1399, 799, 1699, 4.1, 156, 'new', true, true) ON CONFLICT (product_code) DO NOTHING;
INSERT INTO tyres (id, brand, pattern, size, price, product_code, features, image_url, warranty_years, new_price, used_price, original_price, rating, review_count, type, in_stock, free_installation) VALUES (gen_random_uuid(), 'Apollo', 'Three Wheeler', '4.50-10', 1349, 'APO-3W-45010-N', 'Smooth Ride, Long Mileage, Warranty 2 Years', 'https://m.media-amazon.com/images/I/61r-vj+jZPL._AC_UF1000,1000_QL80_.jpg', 2, 1349, 769, 1649, 4.0, 134, 'new', true, true) ON CONFLICT (product_code) DO NOTHING;
INSERT INTO tyres (id, brand, pattern, size, price, product_code, features, image_url, warranty_years, new_price, used_price, rating, review_count, type, in_stock, condition, tread_depth, free_installation) VALUES (gen_random_uuid(), 'MRF', 'Nylogrip Plus', '4.50-10', 699, 'MRF-NYLP-45010-U', '70% Tread Left, Good Condition, 15 Day Warranty', 'https://m.media-amazon.com/images/I/61yHjJEJhiL._AC_UF1000,1000_QL80_.jpg', 0, 1499, 699, 3.8, 72, 'used', true, 'Good', 6, true) ON CONFLICT (product_code) DO NOTHING;

-- SIZE: 80/100-18
INSERT INTO tyres (id, brand, pattern, size, price, product_code, features, image_url, warranty_years, new_price, used_price, original_price, rating, review_count, type, in_stock, free_installation) VALUES (gen_random_uuid(), 'MRF', 'Zapper FY', '80/100-18', 999, 'MRF-ZAPFY-8010018-N', 'Fuel Efficient, Long Lasting, Tubeless', 'https://m.media-amazon.com/images/I/61yHjJEJhiL._AC_UF1000,1000_QL80_.jpg', 3, 999, 579, 1199, 4.4, 356, 'new', true, true) ON CONFLICT (product_code) DO NOTHING;
INSERT INTO tyres (id, brand, pattern, size, price, product_code, features, image_url, warranty_years, new_price, used_price, original_price, rating, review_count, type, in_stock, free_installation) VALUES (gen_random_uuid(), 'CEAT', 'Zoom', '80/100-18', 899, 'CEAT-ZOOM-8010018-N', 'Sporty Look, Good Grip, Warranty 2 Years', 'https://m.media-amazon.com/images/I/51-u7w-DqCL._AC_UF1000,1000_QL80_.jpg', 2, 899, 519, 1099, 4.2, 289, 'new', true, true) ON CONFLICT (product_code) DO NOTHING;
INSERT INTO tyres (id, brand, pattern, size, price, product_code, features, image_url, warranty_years, new_price, used_price, original_price, rating, review_count, type, in_stock, free_installation) VALUES (gen_random_uuid(), 'Apollo', 'Actigrip S', '80/100-18', 949, 'APO-AGS-8010018-N', 'Sharp Handling, Stable Ride, Warranty 2 Years', 'https://m.media-amazon.com/images/I/61r-vj+jZPL._AC_UF1000,1000_QL80_.jpg', 2, 949, 549, 1149, 4.3, 243, 'new', true, true) ON CONFLICT (product_code) DO NOTHING;
INSERT INTO tyres (id, brand, pattern, size, price, product_code, features, image_url, warranty_years, new_price, used_price, original_price, rating, review_count, type, in_stock, free_installation) VALUES (gen_random_uuid(), 'JK Tyre', 'Raider', '80/100-18', 879, 'JK-RAID-8010018-N', 'Budget Pick, Long Mileage, Warranty 2 Years', 'https://m.media-amazon.com/images/I/61mOz3SNBKL._AC_UF1000,1000_QL80_.jpg', 2, 879, 499, 1099, 4.0, 198, 'new', true, true) ON CONFLICT (product_code) DO NOTHING;
INSERT INTO tyres (id, brand, pattern, size, price, product_code, features, image_url, warranty_years, new_price, used_price, rating, review_count, type, in_stock, condition, tread_depth, free_installation) VALUES (gen_random_uuid(), 'MRF', 'Zapper FY', '80/100-18', 449, 'MRF-ZAPFY-8010018-U', '70% Tread Left, Good Condition, 15 Day Warranty', 'https://m.media-amazon.com/images/I/61yHjJEJhiL._AC_UF1000,1000_QL80_.jpg', 0, 999, 449, 4.0, 112, 'used', true, 'Good', 6, true) ON CONFLICT (product_code) DO NOTHING;

-- SIZE: 90/100-10
INSERT INTO tyres (id, brand, pattern, size, price, product_code, features, image_url, warranty_years, new_price, used_price, original_price, rating, review_count, type, in_stock, free_installation) VALUES (gen_random_uuid(), 'MRF', 'Zapper S', '90/100-10', 1099, 'MRF-ZAPS-9010010-N', 'Scooter Specialist, Puncture Guard, Tubeless', 'https://m.media-amazon.com/images/I/61yHjJEJhiL._AC_UF1000,1000_QL80_.jpg', 3, 1099, 649, 1299, 4.5, 478, 'new', true, true) ON CONFLICT (product_code) DO NOTHING;
INSERT INTO tyres (id, brand, pattern, size, price, product_code, features, image_url, warranty_years, new_price, used_price, original_price, rating, review_count, type, in_stock, free_installation) VALUES (gen_random_uuid(), 'CEAT', 'Milaze X3', '90/100-10', 999, 'CEAT-MILX3-9010010-N', 'City Riding, Smooth Roll, Warranty 3 Years', 'https://m.media-amazon.com/images/I/51-u7w-DqCL._AC_UF1000,1000_QL80_.jpg', 3, 999, 589, 1199, 4.3, 389, 'new', true, true) ON CONFLICT (product_code) DO NOTHING;
INSERT INTO tyres (id, brand, pattern, size, price, product_code, features, image_url, warranty_years, new_price, used_price, original_price, rating, review_count, type, in_stock, free_installation) VALUES (gen_random_uuid(), 'Apollo', 'Actigrip F', '90/100-10', 1049, 'APO-AGF-9010010-N', 'Balanced Ride, Fuel Saving, Warranty 2 Years', 'https://m.media-amazon.com/images/I/61r-vj+jZPL._AC_UF1000,1000_QL80_.jpg', 2, 1049, 619, 1249, 4.2, 312, 'new', true, true) ON CONFLICT (product_code) DO NOTHING;
INSERT INTO tyres (id, brand, pattern, size, price, product_code, features, image_url, warranty_years, new_price, used_price, original_price, rating, review_count, type, in_stock, free_installation) VALUES (gen_random_uuid(), 'Michelin', 'City Grip', '90/100-10', 1399, 'MICH-CG-9010010-N', 'Premium Scooter, Superior Wet Grip, Warranty 3 Years', 'https://m.media-amazon.com/images/I/71hejHRtfXL._AC_UF1000,1000_QL80_.jpg', 3, 1399, 829, 1699, 4.7, 267, 'new', true, true) ON CONFLICT (product_code) DO NOTHING;
INSERT INTO tyres (id, brand, pattern, size, price, product_code, features, image_url, warranty_years, new_price, used_price, rating, review_count, type, in_stock, condition, tread_depth, free_installation) VALUES (gen_random_uuid(), 'MRF', 'Zapper S', '90/100-10', 499, 'MRF-ZAPS-9010010-U', '70% Tread Left, Scooter Grade, 15 Day Warranty', 'https://m.media-amazon.com/images/I/61yHjJEJhiL._AC_UF1000,1000_QL80_.jpg', 0, 1099, 499, 4.1, 143, 'used', true, 'Good', 6, true) ON CONFLICT (product_code) DO NOTHING;
INSERT INTO tyres (id, brand, pattern, size, price, product_code, features, image_url, warranty_years, new_price, used_price, rating, review_count, type, in_stock, condition, tread_depth, free_installation) VALUES (gen_random_uuid(), 'CEAT', 'Milaze X3', '90/100-10', 449, 'CEAT-MILX3-9010010-U', '65% Tread Left, Good Grip Left, 15 Day Warranty', 'https://m.media-amazon.com/images/I/51-u7w-DqCL._AC_UF1000,1000_QL80_.jpg', 0, 999, 449, 3.8, 97, 'used', true, 'Good', 5, true) ON CONFLICT (product_code) DO NOTHING;

-- SIZE: 90/90-12
INSERT INTO tyres (id, brand, pattern, size, price, product_code, features, image_url, warranty_years, new_price, used_price, original_price, rating, review_count, type, in_stock, free_installation) VALUES (gen_random_uuid(), 'MRF', 'Zapper Streak', '90/90-12', 1149, 'MRF-ZAPST-90912-N', 'Scooter Grip, Tubeless, Warranty 3 Years', 'https://m.media-amazon.com/images/I/61yHjJEJhiL._AC_UF1000,1000_QL80_.jpg', 3, 1149, 679, 1349, 4.4, 298, 'new', true, true) ON CONFLICT (product_code) DO NOTHING;
INSERT INTO tyres (id, brand, pattern, size, price, product_code, features, image_url, warranty_years, new_price, used_price, original_price, rating, review_count, type, in_stock, free_installation) VALUES (gen_random_uuid(), 'CEAT', 'Milaze', '90/90-12', 1049, 'CEAT-MIL-90912-N', 'City Riding, Smooth Roll, Warranty 3 Years', 'https://m.media-amazon.com/images/I/51-u7w-DqCL._AC_UF1000,1000_QL80_.jpg', 3, 1049, 619, 1249, 4.2, 234, 'new', true, true) ON CONFLICT (product_code) DO NOTHING;
INSERT INTO tyres (id, brand, pattern, size, price, product_code, features, image_url, warranty_years, new_price, used_price, original_price, rating, review_count, type, in_stock, free_installation) VALUES (gen_random_uuid(), 'Apollo', 'Actigrip R', '90/90-12', 1099, 'APO-AGR-90912-N', 'Balanced Ride, Fuel Saving, Warranty 2 Years', 'https://m.media-amazon.com/images/I/61r-vj+jZPL._AC_UF1000,1000_QL80_.jpg', 2, 1099, 649, 1299, 4.3, 189, 'new', true, true) ON CONFLICT (product_code) DO NOTHING;
INSERT INTO tyres (id, brand, pattern, size, price, product_code, features, image_url, warranty_years, new_price, used_price, rating, review_count, type, in_stock, condition, tread_depth, free_installation) VALUES (gen_random_uuid(), 'MRF', 'Zapper Streak', '90/90-12', 529, 'MRF-ZAPST-90912-U', '65% Tread Left, Good Condition, 15 Day Warranty', 'https://m.media-amazon.com/images/I/61yHjJEJhiL._AC_UF1000,1000_QL80_.jpg', 0, 1149, 529, 3.9, 88, 'used', true, 'Good', 5, true) ON CONFLICT (product_code) DO NOTHING;

-- SIZE: 90/90-19
INSERT INTO tyres (id, brand, pattern, size, price, product_code, features, image_url, warranty_years, new_price, used_price, original_price, rating, review_count, type, in_stock, free_installation) VALUES (gen_random_uuid(), 'MRF', 'Zapper FX', '90/90-19', 1599, 'MRF-ZAPFX-90919-N', 'RE Specialist, Classic Look, Warranty 3 Years', 'https://m.media-amazon.com/images/I/61yHjJEJhiL._AC_UF1000,1000_QL80_.jpg', 3, 1599, 949, 1899, 4.5, 412, 'new', true, true) ON CONFLICT (product_code) DO NOTHING;
INSERT INTO tyres (id, brand, pattern, size, price, product_code, features, image_url, warranty_years, new_price, used_price, original_price, rating, review_count, type, in_stock, free_installation) VALUES (gen_random_uuid(), 'CEAT', 'Zoom Cruz', '90/90-19', 1499, 'CEAT-ZC-90919-N', 'Cruiser Tyre, Stable Handling, Warranty 3 Years', 'https://m.media-amazon.com/images/I/51-u7w-DqCL._AC_UF1000,1000_QL80_.jpg', 3, 1499, 889, 1799, 4.3, 356, 'new', true, true) ON CONFLICT (product_code) DO NOTHING;
INSERT INTO tyres (id, brand, pattern, size, price, product_code, features, image_url, warranty_years, new_price, used_price, original_price, rating, review_count, type, in_stock, free_installation) VALUES (gen_random_uuid(), 'Pirelli', 'Sport Demon', '90/90-19', 2299, 'PIR-SD-90919-N', 'Italian Performance, Superior Grip, Warranty 3 Years', 'https://m.media-amazon.com/images/I/61r-vj+jZPL._AC_UF1000,1000_QL80_.jpg', 3, 2299, 1349, 2699, 4.7, 289, 'new', true, true) ON CONFLICT (product_code) DO NOTHING;
INSERT INTO tyres (id, brand, pattern, size, price, product_code, features, image_url, warranty_years, new_price, used_price, original_price, rating, review_count, type, in_stock, free_installation) VALUES (gen_random_uuid(), 'Michelin', 'Sirac Street', '90/90-19', 1999, 'MICH-SS-90919-N', 'Premium Motorcycle, Long Life, Warranty 3 Years', 'https://m.media-amazon.com/images/I/71hejHRtfXL._AC_UF1000,1000_QL80_.jpg', 3, 1999, 1189, 2399, 4.6, 245, 'new', true, true) ON CONFLICT (product_code) DO NOTHING;
INSERT INTO tyres (id, brand, pattern, size, price, product_code, features, image_url, warranty_years, new_price, used_price, rating, review_count, type, in_stock, condition, tread_depth, free_installation) VALUES (gen_random_uuid(), 'MRF', 'Zapper FX', '90/90-19', 749, 'MRF-ZAPFX-90919-U', '70% Tread Left, RE Grade, 15 Day Warranty', 'https://m.media-amazon.com/images/I/61yHjJEJhiL._AC_UF1000,1000_QL80_.jpg', 0, 1599, 749, 4.2, 134, 'used', true, 'Good', 6, true) ON CONFLICT (product_code) DO NOTHING;
INSERT INTO tyres (id, brand, pattern, size, price, product_code, features, image_url, warranty_years, new_price, used_price, rating, review_count, type, in_stock, condition, tread_depth, free_installation) VALUES (gen_random_uuid(), 'CEAT', 'Zoom Cruz', '90/90-19', 699, 'CEAT-ZC-90919-U', '65% Tread Left, Cruiser Grade, 15 Day Warranty', 'https://m.media-amazon.com/images/I/51-u7w-DqCL._AC_UF1000,1000_QL80_.jpg', 0, 1499, 699, 3.9, 98, 'used', true, 'Good', 5, true) ON CONFLICT (product_code) DO NOTHING;

-- Vehicles Master Data
INSERT INTO vehicles (id, type, make, model, variant, tyre_size) VALUES (gen_random_uuid(), '2W', 'Hero', 'Splendor Plus', 'Kick Start', '80/100-18') ON CONFLICT DO NOTHING;
INSERT INTO vehicles (id, type, make, model, variant, tyre_size) VALUES (gen_random_uuid(), '2W', 'Hero', 'HF Deluxe', 'Self Start', '2.75-18') ON CONFLICT DO NOTHING;
INSERT INTO vehicles (id, type, make, model, variant, tyre_size) VALUES (gen_random_uuid(), '2W', 'Honda', 'Activa 6G', 'Standard', '90/100-10') ON CONFLICT DO NOTHING;
INSERT INTO vehicles (id, type, make, model, variant, tyre_size) VALUES (gen_random_uuid(), '2W', 'Honda', 'Shine', 'Disc', '80/100-18') ON CONFLICT DO NOTHING;
INSERT INTO vehicles (id, type, make, model, variant, tyre_size) VALUES (gen_random_uuid(), '2W', 'Royal Enfield', 'Classic 350', 'Dual Channel ABS', '90/90-19') ON CONFLICT DO NOTHING;
INSERT INTO vehicles (id, type, make, model, variant, tyre_size) VALUES (gen_random_uuid(), '2W', 'TVS', 'Jupiter', 'Classic', '90/90-12') ON CONFLICT DO NOTHING;

INSERT INTO vehicles (id, type, make, model, variant, tyre_size) VALUES (gen_random_uuid(), '3W', 'Bajaj', 'RE Compact', 'CNG', '4.00-8') ON CONFLICT DO NOTHING;
INSERT INTO vehicles (id, type, make, model, variant, tyre_size) VALUES (gen_random_uuid(), '3W', 'Bajaj', 'Maxima', 'Diesel', '4.50-10') ON CONFLICT DO NOTHING;
INSERT INTO vehicles (id, type, make, model, variant, tyre_size) VALUES (gen_random_uuid(), '3W', 'Piaggio', 'Ape City', 'Petrol', '4.00-8') ON CONFLICT DO NOTHING;
INSERT INTO vehicles (id, type, make, model, variant, tyre_size) VALUES (gen_random_uuid(), '3W', 'Mahindra', 'Alfa', 'Passenger', '4.50-10') ON CONFLICT DO NOTHING;

INSERT INTO vehicles (id, type, make, model, variant, tyre_size) VALUES (gen_random_uuid(), '4W', 'Maruti Suzuki', 'Swift', 'LXi', '165/80 R14') ON CONFLICT DO NOTHING;
INSERT INTO vehicles (id, type, make, model, variant, tyre_size) VALUES (gen_random_uuid(), '4W', 'Maruti Suzuki', 'Baleno', 'Delta', '185/65 R15') ON CONFLICT DO NOTHING;
INSERT INTO vehicles (id, type, make, model, variant, tyre_size) VALUES (gen_random_uuid(), '4W', 'Hyundai', 'Creta', 'SX', '205/65 R16') ON CONFLICT DO NOTHING;
INSERT INTO vehicles (id, type, make, model, variant, tyre_size) VALUES (gen_random_uuid(), '4W', 'Hyundai', 'i20', 'Sportz', '195/55 R16') ON CONFLICT DO NOTHING;
INSERT INTO vehicles (id, type, make, model, variant, tyre_size) VALUES (gen_random_uuid(), '4W', 'Tata', 'Nexon', 'XZ', '215/60 R16') ON CONFLICT DO NOTHING;
INSERT INTO vehicles (id, type, make, model, variant, tyre_size) VALUES (gen_random_uuid(), '4W', 'Mahindra', 'XUV700', 'AX5', '235/65 R17') ON CONFLICT DO NOTHING;
